-- MySQL dump 10.13  Distrib 8.0.18, for Win64 (x86_64)
--
-- Host: localhost    Database: tickat
-- ------------------------------------------------------
-- Server version	8.0.18

/*!40101 SET @OLD_CHARACTER_SET_CLIENT=@@CHARACTER_SET_CLIENT */;
/*!40101 SET @OLD_CHARACTER_SET_RESULTS=@@CHARACTER_SET_RESULTS */;
/*!40101 SET @OLD_COLLATION_CONNECTION=@@COLLATION_CONNECTION */;
/*!50503 SET NAMES utf8 */;
/*!40103 SET @OLD_TIME_ZONE=@@TIME_ZONE */;
/*!40103 SET TIME_ZONE='+00:00' */;
/*!40014 SET @OLD_UNIQUE_CHECKS=@@UNIQUE_CHECKS, UNIQUE_CHECKS=0 */;
/*!40014 SET @OLD_FOREIGN_KEY_CHECKS=@@FOREIGN_KEY_CHECKS, FOREIGN_KEY_CHECKS=0 */;
/*!40101 SET @OLD_SQL_MODE=@@SQL_MODE, SQL_MODE='NO_AUTO_VALUE_ON_ZERO' */;
/*!40111 SET @OLD_SQL_NOTES=@@SQL_NOTES, SQL_NOTES=0 */;

--
-- Table structure for table `admin`
--

DROP TABLE IF EXISTS `admin`;
/*!40101 SET @saved_cs_client     = @@character_set_client */;
/*!50503 SET character_set_client = utf8mb4 */;
CREATE TABLE `admin` (
  `idadmin` int(11) NOT NULL AUTO_INCREMENT,
  `username` varchar(500) NOT NULL,
  `password` varchar(150) NOT NULL,
  `role` varchar(45) NOT NULL,
  `dateadded` date NOT NULL,
  `status` varchar(45) NOT NULL,
  PRIMARY KEY (`idadmin`)
) ENGINE=InnoDB AUTO_INCREMENT=20 DEFAULT CHARSET=utf8mb4 COLLATE=utf8mb4_0900_ai_ci;
/*!40101 SET character_set_client = @saved_cs_client */;

--
-- Dumping data for table `admin`
--

LOCK TABLES `admin` WRITE;
/*!40000 ALTER TABLE `admin` DISABLE KEYS */;
INSERT INTO `admin` VALUES (1,'SuperAdmin','9b713737795f80e78ca465c2476e9062b9d8ebc5925228f16d53e8574f93d0f0','Super Admin','0000-00-00','Active'),(13,'Admin','c22245ac665d54c033b22b4f0e1c5ec04a8141f15f7eac0ad3903f874728b47d','Admin','2020-02-03','Active'),(14,'Nico','9b713737795f80e78ca465c2476e9062b9d8ebc5925228f16d53e8574f93d0f0','Admin','2020-02-03','Active'),(16,'Christopher','9b713737795f80e78ca465c2476e9062b9d8ebc5925228f16d53e8574f93d0f0','Admin','2020-02-12','Active'),(17,'Budiman','9b713737795f80e78ca465c2476e9062b9d8ebc5925228f16d53e8574f93d0f0','Admin','2020-03-23','Active'),(18,'Miko','9b713737795f80e78ca465c2476e9062b9d8ebc5925228f16d53e8574f93d0f0','Admin','2020-03-23','Active'),(19,'Rians','9b713737795f80e78ca465c2476e9062b9d8ebc5925228f16d53e8574f93d0f0','Admin','2020-03-23','Non-Active');
/*!40000 ALTER TABLE `admin` ENABLE KEYS */;
UNLOCK TABLES;

--
-- Table structure for table `category`
--

DROP TABLE IF EXISTS `category`;
/*!40101 SET @saved_cs_client     = @@character_set_client */;
/*!50503 SET character_set_client = utf8mb4 */;
CREATE TABLE `category` (
  `idcategory` int(11) NOT NULL AUTO_INCREMENT,
  `category_name` varchar(45) NOT NULL,
  `date_added` date NOT NULL,
  `category_status` varchar(45) NOT NULL,
  PRIMARY KEY (`idcategory`)
) ENGINE=InnoDB AUTO_INCREMENT=14 DEFAULT CHARSET=utf8mb4 COLLATE=utf8mb4_0900_ai_ci;
/*!40101 SET character_set_client = @saved_cs_client */;

--
-- Dumping data for table `category`
--

LOCK TABLES `category` WRITE;
/*!40000 ALTER TABLE `category` DISABLE KEYS */;
INSERT INTO `category` VALUES (8,'Workshop','2020-02-12','Active'),(9,'Seminar','2020-02-12','Active'),(10,'Music','2020-02-12','Active'),(11,'Entertainment','2020-02-18','Active'),(12,'Hobby','2020-03-23','Active');
/*!40000 ALTER TABLE `category` ENABLE KEYS */;
UNLOCK TABLES;

--
-- Table structure for table `event`
--

DROP TABLE IF EXISTS `event`;
/*!40101 SET @saved_cs_client     = @@character_set_client */;
/*!50503 SET character_set_client = utf8mb4 */;
CREATE TABLE `event` (
  `idevent` varchar(20) NOT NULL,
  `idpartner` int(11) NOT NULL,
  `idcategory` int(11) NOT NULL,
  `event_name` varchar(150) NOT NULL,
  `event_date` date NOT NULL,
  `event_location` varchar(150) NOT NULL,
  `event_description` text NOT NULL,
  `event_terms` text NOT NULL,
  `event_pic` varchar(300) NOT NULL,
  `idadmin` int(11) NOT NULL,
  `dateposted` date NOT NULL,
  `event_status` varchar(45) NOT NULL,
  PRIMARY KEY (`idevent`)
) ENGINE=InnoDB DEFAULT CHARSET=utf8mb4 COLLATE=utf8mb4_0900_ai_ci;
/*!40101 SET character_set_client = @saved_cs_client */;

--
-- Dumping data for table `event`
--

LOCK TABLES `event` WRITE;
/*!40000 ALTER TABLE `event` DISABLE KEYS */;
INSERT INTO `event` VALUES ('EVT123GSTESGQV',31,9,'Jelajah Nussa 2020','2020-06-27','Jiexpo Kemayoran, East Pademangan, North Jakarta City, Jakarta, Indonesia','<p><strong>Jelajah Nussa</strong></p><p>Jelajah Nussa adalah festival Islamic Edutainment pertama yang memberikan pengalaman petualangan bersama untuk keluarga Indonesia. Pada festival ini, akan ada rangkaian acara <i>storytelling</i>, <i>art installation, </i>Medina Market, dan PlayPark.&nbsp;</p><p>Segera cek harga tiket Jelajah Nussa Jakarta di tiket.com dan pesan sekarang sebelum kehabisan!</p><h2><strong>Cara Menuju Lokasi Event</strong></h2><p><strong>Menggunakan Bus</strong></p><ul><li>Naik bus TransJakarta koridor 10H (Tanjung Priok - Blok M) atau 5H (Harmoni - Ancol),</li><li>Turun di Halte Jembatan Merah,&nbsp;</li><li>Lanjutkan perjalanan dengan jalan kaki selama 26 menit menuju lokasi atau menggunakan transportasi online untuk menuju lokasi.&nbsp;</li></ul><p><strong>Menggunakan Kereta</strong></p><ul><li>Naik kereta KRL Commuter Line jurusan Jatinegara - Bogor / Depok,&nbsp;</li><li>Turun di Stasiun Rajawali,&nbsp;</li><li>Lanjutkan perjalanan dengan jalan kaki selama 24 menit menuju lokasi atau menggunakan transportasi online untuk menuju lokasi.</li></ul><p><strong>Informasi Tambahan</strong></p><ul><li>Harga yang tercantum adalah harga final, sudah termasuk pajak.</li></ul><p><strong>Tips</strong></p><ul><li>Datanglah lebih awal untuk menghindari macet dan menambah waktu untuk mencari tempat parkir.&nbsp;</li></ul>','<p><strong>Syarat dan Ketentuan Event</strong></p><p>·&nbsp;&nbsp;&nbsp;&nbsp;&nbsp;&nbsp;Ketahuilah bahwa reseller dan perantara tiket pihak ketiga akan menjual tiket yang lebih mahal atau tidak valid secara online. Disarankan untuk tidak menggunakan situs penjualan pihak ketiga dan HANYA membeli tiket asli langsung dari www.tiket.com. Ini adalah satu-satunya cara untuk memastikan Anda mendapatkan tiket otentik dengan harga yang sebenarnya.</p>','/eventpic/IMG1583992973920.jpg',1,'2020-03-12','Active'),('EVT123VJ7ET1LE',1,8,'Mind Programming vs Astrology','2020-08-11','BSD Green Office Park','<p>Mind Programming vs Astrology</p>','<p>-</p>','/eventpic/IMG1584009776491.jpg',1,'2020-03-12','Active'),('EVT123WY7KXDSV',24,8,'WEDDING Make Up Seminar & Workshop with Adan Anapha','2020-08-25','Jakarta Design Center, Ruang Lotus, Lantai 6, DKI Jakarta','<p>08:00 - 17:00 WIB</p><p>MATERI :<br>1. Teknik Mixing Foundation by @adan_anapha<br>2. Teknik cut crease</p>','<p>-</p>','/eventpic/IMG1584010123568.jpg',1,'2020-03-12','Active'),('EVT1433GI3U6SR',35,8,'IDEACLOUD 2020','2020-07-30','Voza Premium Office, Jawa Timur','<p><strong>IDEACLOUD 2020</strong> adalah acara forum bisnis yang menghadirkan <strong>50 speakers</strong> dari berbagai macam disiplin. Diadain tanggal <strong>13-15 Maret 2020 di Voza Premium Office</strong>, acara ini akan berfokus untuk menginspirasi para entrepreneur dan generasi berikutnya untuk berinovasi dan berani memberi dampak untuk sekitar.</p><p>Berikut lineup speakers yang bisa kamu temuin di acara 3 hari ini:</p><ul><li>Humphrey Rusli (International Business Coach)</li><li>Rosiana Alim (Womanpreneur)</li><li>Immilia Eka Pertiwi (Dentist at Sigi Sehat Dental Clinic)</li><li>Han Budiyono (Founder &amp; CEO Baracoaching)</li><li>Belinda Tanoko (President Director at Tanrise Property)</li><li>Budi S. Isman (Mentor &amp; Business Expert)</li><li>Josh Says (Director at Pista Media)</li><li>Ajik Krisna (Owner of Krisna Holding Company)</li><li>Muhammad Luthfy (Ketua HIPMI Chapter Surabaya)</li><li>Rico Huang (Internet Entrepreneur)</li><li>Dr. Sandy Wahyudi (President Director SLC Marketing Inc.)</li><li>Made Swasthika (Head of HR ECCO Indonesia)</li><li>Suko Widodo (Ketua Perhumas)</li><li>Yoyok Rubiantono (Internet Entrepreneur)</li><li>Galatia Chandra (Head of Strategic Management Kalbe International)</li><li>Joseph Lukito (Director Sales &amp; Marketing at Tanrise Property)</li><li>Tom Mc Ifle (Founder &amp; CEO Top Coach Indonesia)</li><li>Lo Kheng Hong (Expert Investor)</li><li>Tung Desem Waringin (No. 1 Successful Coach)</li><li>Ario Bayu (CEO Zero One)</li><li>Wilson Tjandra (Founder &amp; CEO of Burgushi &amp; Nayam)</li><li>Jhonny Thio Doran (President Junior Champer International East Java)</li><li>Johan Yan (President Director of PT Total Quality Indonesia)</li><li>Suwardi Luis (CEO GML Group)</li><li>Anthony Soehartono (Founder &amp; Director at BrandPartner</li><li>Adi Suhono (Director at CMN International Indonesia)</li><li>William Reynaldo (Director at Hosa Garment)</li><li>Chris Susanto (Executive President AMA Chapter Surabaya)</li><li>Wahyu Widodo (Business Director at Suara Surabaya)</li><li>Errol Jonathans (CEO Suara Surabaya)</li><li>Steven Tjan (Managing Director Boga Group Jatim)</li><li>Gufron Syarif (Owner of HAUS)</li><li>Stephen Walla (CEO Jamu IBOE)</li><li>Ben Soebiakto (CEO and Founder Samara Media &amp; Entertainment)</li><li>Hermanto Tanoko (Group CEO at TANCORP)</li><li>Jamhadi (Founder of JAMHADI Center)</li><li>Tjahjono Haryono (Ketua Umum DPD Apkrindo Jawa Timur)</li><li>Fx. Afat Adinata Nursalim (CEO at Manzone)</li><li>Dwi Ken Hendrawanto (Ketua Himpunan Manajemen Sumber Daya Manusia DPD Jawa Timur)</li><li>David Prawiro (CEO PT. Perwira Tamaraya Abadi)</li><li>Andri Firmansyah (Online Business Expert)</li><li>Jason Lee (Co-Founder &amp; CEO at CoHive)</li><li>Jahja B. Soenarjo (Ketua Umum CEO Business Forum Indonesia)</li><li>Dedy Sidharta (President Billionaire Mindset Surabaya)</li><li>April Wahyu (Ketua Asosiasi Pengusaha Retail Indonesia DPD Jawa Timur)</li><li>Imam Wijoyo (VP Billionaire Mindset Surabaya</li><li>Yunus Enus (Ketua Airlangga Business Community)</li><li>Tommy Wong (President Billionaire Mindset)</li><li>Donny Pramono (Founder &amp; CEO Sour Sally Group)</li><li>Ade Fyrman (Ketua Komunitas Tangan Di Atas Surabaya)</li><li>Daniel Surya (Executive Chairman WIR Group)</li><li>Emil Dardak (Vice Governor of East Java)</li></ul><p>Gak mau ketinggalan kesempatan ketemu sama nama-nama di atas kan? Makanya, beli tiket buat ke IDEACLOUD 2020 kamu di GoTix sekarang!</p>','<p>-</p>','/eventpic/IMG1584173677310.jpg',14,'2020-03-14','Active'),('EVT1435SQHR5KJ',1,11,'XYZ Day 2020','2020-08-11','Lot 8 SCBD, RT.5/RW.3, Senayan, Kec. Kby. Baru, Kota Jakarta Selatan, Daerah Khusus Ibukota Jakarta','<h2><strong>Tiket XYZ Day 2020</strong></h2><p>Temukan informasi lengkap tentang acara XYZ Day 2020 di Jakarta dan pesan tiketnya sekarang di tiket.com!</p><p><strong>XYZ Day 2020</strong></p><p>Era konferensi dan konten sudah tidak ada lagi, kami mengajakmu untuk menghabiskan sehari penuh dengan pengalaman musik baru, pengunjung lintas generasi, didukung oleh media digital terbesar.</p><p>Dengan podcast langsung dan karaoke, kami membawakanmu lebih dari sekadar festival musik!</p><p>Segera cek harga tiket event XYZ Day 2020 di tiket.com dan pesan sekarang sebelum kehabisan!</p>','<p><strong>Syarat dan Ketentuan Event</strong></p><ul><li>Ketahuilah bahwa reseller dan perantara tiket pihak ketiga akan menjual tiket yang lebih mahal atau tidak valid secara online. Disarankan untuk tidak menggunakan situs penjualan pihak ketiga dan HANYA membeli tiket asli langsung dari www.tiket.com. Ini adalah satu-satunya cara untuk memastikan Anda mendapatkan tiket otentik dengan harga yang sebenarnya.</li></ul><p><strong>Tiket</strong></p><ul><li>Semua Harga sudah termasuk Pajak Pemerintah&nbsp;dan Biaya Administrasi</li><li>Tiket yang sudah dibeli tidak dapat ditukar, diuangkan kembali, ataupun dibatalkan.</li><li>Tiket hanya berlaku apabila pembelian dilakukan sesuai dengan tata cara yang telah ditentukan oleh penyedia layanan transaksi elektronik/online sebagaimana tertera pada website resmi promotor atau tempat penjualan tiket resmi yang telah ditentukan oleh Promotor/Penyelenggara Acara. Jika tidak Anda tidak akan dapat melakukan verifikasi apakah&nbsp;E-Voucher yang anda miliki adalah tiket yang sah atau tidak sah.</li><li>Pembeli hanya diperkenankan mencetak E-Voucher sebanyak satu kali untuk setiap tiket yang dibeli. Penggandaan E-voucher tidak diperbolehkan dan dinyatakan sebagai perbuatan melanggar hukum.</li><li>Setiap E-Voucher menggunakan kode unik (barcode) tersendiri dan berlaku hanya untuk satu orang. E-Voucher yang sudah digunakan tidak dapat di gunakan kembali. Penggandaan E-voucher tidak dapat digunakan untuk masuk ke dalam event berulang kali.</li><li>E-Voucher wajib ditukarkan dengan wristband selama periode penukaran.</li></ul>','/eventpic/IMG1584175900286.jpg',14,'2020-03-14','Active'),('EVT1437ATDWVSF',31,8,'Happy Cooking Festival 2020','2020-07-28','Rupa Rupi Handicraft Mall, Jawa Barat','<p>Talkshow dan Cooking Demo Happy Cooking Festival adalah wadah para UMKM Kuliner Bandung untuk berbagi Inspirasi dan Pengetahuan dalam Bisnis Bidang Kuliner. Dalam Event 2020 ini, Happy Cooking Festival membawa Kabahagiaan Rumah sebagai wujud inspirasi salah satunya adalah masakan dari Bunda.</p><p>Dalam Event ini peserta akan mendapatkan pengetahuan baru dari 4 Pembicara kita yang ahli dalam bidang Kuliner dan Digital Marketing</p>','<p>-</p>','/eventpic/IMG1584173838858.jpg',14,'2020-03-14','Active'),('EVT143BEJSLW68',2,11,'A:M Festival 2020','2020-07-25','Kuningan City, Jalan Professor Doktor Satrio, RW.4, Kuningan, Karet Kuningan, South Jakarta City, Jakarta, Indonesia','<p>A:M atau Absence of Mute merupakan acara musik yang bersifat multi-genre dibawah naungan Divisi Art and Skill dari Student Board Universitas Prasetiya Mulya yang pada tahun 2020 mendatang akan menjadi tahun ketiga acara ini diselenggarakan. A:M Festival ditujukan untuk meraih pasar komersial yang lebih luas dan menjadi acara berskala internasional antar kalangan universitas di Indonesia, mendatangkan sejumlah musisi nasional dan internasional.</p>','<p><strong>Syarat dan Ketentuan Event</strong></p><p>·&nbsp;&nbsp;&nbsp;&nbsp;&nbsp;&nbsp;&nbsp;&nbsp;Ketahuilah bahwa reseller dan perantara tiket pihak ketiga akan menjual tiket yang lebih mahal atau tidak valid secara online. Disarankan untuk tidak menggunakan situs penjualan pihak ketiga dan HANYA membeli tiket asli langsung dari www.tiket.com. Ini adalah satu-satunya cara untuk memastikan Anda mendapatkan tiket otentik dengan harga yang sebenarnya.</p><p><strong>Tiket</strong></p><p>·&nbsp;&nbsp;&nbsp;&nbsp;&nbsp;&nbsp;&nbsp;&nbsp;Semua Harga belum termasuk Pajak Pemerintah&nbsp;dan Biaya Administrasi&nbsp;</p><p>·&nbsp;&nbsp;&nbsp;&nbsp;&nbsp;&nbsp;&nbsp;&nbsp;Tiket yang sudah dibeli tidak dapat ditukar, diuangkan kembali, ataupun dibatalkan.</p><p>·&nbsp;&nbsp;&nbsp;&nbsp;&nbsp;&nbsp;&nbsp;&nbsp;Tiket hanya berlaku apabila pembelian dilakukan sesuai dengan tata cara yang telah ditentukan oleh penyedia layanan transaksi elektronik/online sebagaimana tertera pada website resmi promotor atau tempat penjualan tiket resmi yang telah ditentukan oleh Promotor/Penyelenggara Acara. Jika tidak Anda tidak akan dapat melakukan verifikasi apakah&nbsp;E-Voucher yang anda miliki adalah tiket yang sah atau tidak sah.</p><p>·&nbsp;&nbsp;&nbsp;&nbsp;&nbsp;&nbsp;&nbsp;&nbsp;Pembeli hanya diperkenankan mencetak E-Voucher sebanyak satu kali untuk setiap tiket yang dibeli. Penggandaan E-voucher tidak diperbolehkan dan dinyatakan sebagai perbuatan melanggar hukum.</p><p>·&nbsp;&nbsp;&nbsp;&nbsp;&nbsp;&nbsp;&nbsp;&nbsp;Setiap E-Voucher menggunakan kode unik (barcode) tersendiri dan berlaku hanya untuk satu orang. E-Voucher yang sudah digunakan tidak dapat di gunakan kembali. Penggandaan E-voucher tidak dapat digunakan untuk masuk ke dalam event berulang kali.</p><p>·&nbsp;&nbsp;&nbsp;&nbsp;&nbsp;&nbsp;&nbsp;&nbsp;E-Voucher wajib ditukarkan dengan wristband selama periode penukaran.</p><p>&nbsp;</p><p><strong>Informasi mengenai penukaran </strong>:</p><p>·&nbsp;&nbsp;&nbsp;&nbsp;&nbsp;&nbsp;&nbsp;&nbsp;Disarankan untuk menukarkan&nbsp;E-Voucher sebelumnya untuk menghindari antrian pada saat hari konser.</p><p><strong>&nbsp;</strong></p><p><strong>Syarat penukaran tiket</strong>&nbsp;:&nbsp;</p><p>·&nbsp;&nbsp;&nbsp;&nbsp;&nbsp;&nbsp;&nbsp;&nbsp;E-Voucher.</p><p>·&nbsp;&nbsp;&nbsp;&nbsp;&nbsp;&nbsp;&nbsp;&nbsp;KTP / SIM / Paspor / Kartu Pelajar / Mahasiswa yang masih berlaku dan asli (nama harus sesuai dengan yang tertera di E-Voucher).&nbsp;</p><p><strong>&nbsp;</strong></p><p><strong>Jika penukaran diwakilkan </strong>:&nbsp;</p><p>·&nbsp;&nbsp;&nbsp;&nbsp;&nbsp;&nbsp;&nbsp;&nbsp;E-Voucher/E-Tiket yang sudah dicetak.&nbsp;</p><p>·&nbsp;&nbsp;&nbsp;&nbsp;&nbsp;&nbsp;&nbsp;&nbsp;Surat kuasa yang sudah ditandatangani diatas materai Rp 6.000,-&nbsp;</p><p>·&nbsp;&nbsp;&nbsp;&nbsp;&nbsp;&nbsp;&nbsp;&nbsp;Fotokopi kartu identitas yang namanya tercantum di E-Voucher.&nbsp;</p><p><strong>·&nbsp;&nbsp;&nbsp;&nbsp;&nbsp;&nbsp;&nbsp; </strong>Kartu kredit yang dipakai saat membeli (jika menggunakan kartu kredit).</p><p><strong>Note:</strong></p><p>·&nbsp;&nbsp;&nbsp;&nbsp;&nbsp;&nbsp;&nbsp;&nbsp;Tidak ada gelang pengganti yang akan dikeluarkan dalam kondisi apa pun jika hilang &amp; rusak karena alasan lain. Promotor tidak bertanggung jawab atas gelang yang hilang, dicuri atau rusak.</p><p><strong>BATASAN USIA</strong></p><p>·&nbsp;&nbsp;&nbsp;&nbsp;&nbsp;&nbsp;&nbsp;&nbsp;Identitas (dengan foto) resmi yang dianggap berlaku adalah Kartu Tanda Penduduk bagi Warga Negara Indonesia, Surat Izin Mengemudi, Passport, dan Kartu Identitas dari Negara asal bagi Warga Negara Asing.</p><p>·&nbsp;&nbsp;&nbsp;&nbsp;&nbsp;&nbsp;&nbsp;&nbsp;Anak-anak di bawah umur 14 tahun wajib didampingi oleh orang-tua atau wali dan anak-anak di bawah umur 6 tahun tidak diizinkan masuk di area festival.</p><p><strong>NO RE-ENTRY</strong></p><p>·&nbsp;&nbsp;&nbsp;&nbsp;&nbsp;&nbsp;&nbsp;&nbsp;Harap diingat bahwa Anda hanya berhak memasuki area konser atau event hanya satu kali (tidak berulang), apapun tiket kelas yang Anda telah beli.</p><p><strong>PANDUAN KONSER</strong></p><p>·&nbsp;&nbsp;&nbsp;&nbsp;&nbsp;&nbsp;&nbsp;&nbsp;Tidak diperkenankan menginap saat menunggu acara dimulai.&nbsp;</p><p>·&nbsp;&nbsp;&nbsp;&nbsp;&nbsp;&nbsp;&nbsp;&nbsp;Pintu dibuka 2 Jam sebelum jadwal acara. Informasi lainnya akan diinfokan kembali.</p><p>·&nbsp;&nbsp;&nbsp;&nbsp;&nbsp;&nbsp;&nbsp;&nbsp;Saat mengantri, tolong hargai sesama</p><p>&nbsp;</p><p><strong>KEBIJAKAN UMUM</strong></p><p>·&nbsp;&nbsp;&nbsp;&nbsp;&nbsp;&nbsp;&nbsp;&nbsp;Penyelenggara acara berhak melarang untuk masuk ke lokasi penyelenggaraan acara atau menukarkan E-voucher dengan wristband yang berlaku apabila E-Voucher dengan kode unik (barcode) diketahui telah digunakan sebelumnya oleh pengunjung lainnya.&nbsp;</p><p>·&nbsp;&nbsp;&nbsp;&nbsp;&nbsp;&nbsp;&nbsp;&nbsp;Penyelenggara acara berhak untuk menuntut secara hukum terhadap siapapun yang mendapatkan tiket dengan cara yang tidak sah, termasuk namun tidak terbatas pada penggandaan tiket ataupun dengan cara lain mendapatkan tiket tidak sesuai dengan ketentuan yang telah ditetapkan oleh penyelenggara acara.&nbsp;</p><p>·&nbsp;&nbsp;&nbsp;&nbsp;&nbsp;&nbsp;&nbsp;&nbsp;Penyelenggara acara tidak bertanggung jawab atas kelalaian pembeli tiket yang menyebabkan E-Voucher / Wristaband yang telah dibeli jatuh ke tangan orang lain (atau berada dalam penguasaan orang lain) yang kemudian digunakan sebagai tanda masuk yang sah ke lokasi acara.</p><p>·&nbsp;&nbsp;&nbsp;&nbsp;&nbsp;&nbsp;&nbsp;&nbsp;Pembeli membebaskan penyelenggara acara dan tidak akan mengajukan tuntutan hukum apapun apabila acara/pertunjukan dibatalkan semata – mata karena sebab keputusan sepihak dari artis, pemerintah, ataupun sebab - sebab lain yang berada di luar dari kemampuan dan kehendak dari penyelenggara acara.</p><p>·&nbsp;&nbsp;&nbsp;&nbsp;&nbsp;&nbsp;&nbsp;&nbsp;Apabila acara/pertunjukan dibatalkan, tiket akan dibayarkan kembali menurut ketentuan penyelenggara acara. Biaya – biaya lain (yang dibebankan kepada pembeli melalui kartu kredit) tidak termasuk sebagai harga tiket yang akan dibayarkan kembali.</p><p>·&nbsp;&nbsp;&nbsp;&nbsp;&nbsp;&nbsp;&nbsp;&nbsp;Penyelenggara acara berhak untuk melarang pengunjung untuk memasuki lokasi acara apabila pengunjung tidak memiliki tiket yang sah.</p><p>·&nbsp;&nbsp;&nbsp;&nbsp;&nbsp;&nbsp;&nbsp;&nbsp;Penyelenggara acara berhak mengeluarkan pengunjung dari lokasi acara apabila dipandang perlu untuk alasan keamanan, kenyamanan pengunjung lainnya, serta demi menjamin kelancaran penyelenggaraan acara.</p><p>·&nbsp;&nbsp;&nbsp;&nbsp;&nbsp;&nbsp;&nbsp;&nbsp;Pengunjung diharuskan memakai gelang khusus setiap saat selama berada di lokasi acara. Kehilangan gelang khusus dimaksud akan berakibat pengujung tidak diperbolehkan memasuki lokasi acara.</p><p>·&nbsp;&nbsp;&nbsp;&nbsp;&nbsp;&nbsp;&nbsp;&nbsp;Pengunjung di dalam lokasi acara yang tidak mengenakan gelang khusus yang sah akan dikeluarkan dari lokasi acara tanpa pengecualian.</p><p>·&nbsp;&nbsp;&nbsp;&nbsp;&nbsp;&nbsp;&nbsp;&nbsp;Dalam keadaan tertentu, area – area tertentu di dalam lokasi acara dapat menjadi area terlarang untuk dimasuki pengunjung.&nbsp;</p><p>·&nbsp;&nbsp;&nbsp;&nbsp;&nbsp;&nbsp;&nbsp;&nbsp;Panitia, penyelenggara acara, dan artis tidak bertanggung jawab atas kompensasi dan/atau biaya tambahan apapun yang timbul akibat adanya pembatalan ataupun penundaan acara.</p><p>·&nbsp;&nbsp;&nbsp;&nbsp;&nbsp;&nbsp;&nbsp;&nbsp;Pengunjung yang tidak berperilaku tertib, membuat keonaran ataupun berperilaku tidak patut, dan pengunjung yang menolak untuk mematuhi perintah/peringatan dari panitia acara akan dikeluarkan dari lokasi acara tanpa diberikan pengembalian harga tiket.</p><p>·&nbsp;&nbsp;&nbsp;&nbsp;&nbsp;&nbsp;&nbsp;&nbsp;Setiap orang yang berusaha untuk memasuki lokasi acara tanpa tiket yang sah akan dikeluarkan dari lokasi acara. Dalam kondisi tertentu orang yang demikian akan dilaporkan ke pihak kepolisian dan akan dituntut telah melakukan tindakan penyerobotan ataupun tindak kekerasan.</p><p>·&nbsp;&nbsp;&nbsp;&nbsp;&nbsp;&nbsp;&nbsp;&nbsp;Panitia, penyelenggara acara, dan artis tidak bertanggung jawab atas peristiwa kehilangan, pencurian, atau pengrusakan barang ataupun kecelakaan yang terjadi di area manapun di dalam lokasi acara pada saat penyelenggaraan acara dan karena sebab apapun.</p><p>·&nbsp;&nbsp;&nbsp;&nbsp;&nbsp;&nbsp;&nbsp;&nbsp;Penyelenggara acara berhak melarang untuk masuk terhadap pengunjung manapun yang terindikasi sedang berada dalam keadaan mabuk, secara jelas berada dibawah pengaruh obat - obatan terlarang. Siapapun yang ditemukan membawa barang – barang yang melanggar hukum akan dilaporkan kepada polisi, dilarang untuk memasuki lokasi acara, dan harga tiket tidak akan dikembalikan.</p><p>·&nbsp;&nbsp;&nbsp;&nbsp;&nbsp;&nbsp;&nbsp;&nbsp;Penyelenggara acara tidak akan menggunakan atau menyebarluaskan data/informasi tentang pribadi pengunjung yang diberikan saat membeli tiket tanpa persetujuan pengunjung terlebih dahulu.</p><p>·&nbsp;&nbsp;&nbsp;&nbsp;&nbsp;&nbsp;&nbsp;&nbsp;Pengunjung yang telah dikeluarkan atau keluar dari lokasi acara tidak diperkenankan untuk masuk kembali ke lokasi acara.</p><p>·&nbsp;&nbsp;&nbsp;&nbsp;&nbsp;&nbsp;&nbsp;&nbsp;Acara diharapkan dapat berlangsung nyaman dan dapat dinikmati.</p><p>·&nbsp;&nbsp;&nbsp;&nbsp;&nbsp;&nbsp;&nbsp;&nbsp;Penyelenggara acara berhak sewaktu-waktu untuk mengubah pengaturan denah dan penataan penempatan pengunjung di dalam lokasi acara.</p><p><strong>APA YANG TIDAK BISA DIBAWA</strong></p><p>·&nbsp;&nbsp;&nbsp;&nbsp;&nbsp;&nbsp;&nbsp;&nbsp;Dilarang membawa makanan dan minuman dari luar ke lokasi acara.</p><p>·&nbsp;&nbsp;&nbsp;&nbsp;&nbsp;&nbsp;&nbsp;&nbsp;Dilarang membawa kamera profesional dan semi-profesional / SLR / DSLR. Dilarang melakukan aktivitas perekaman dan transmisi selama konser berlangsung. Dilarang membawa kamera dengan lensa yang dapat dilepas, kamera video, alat perekam, dan kamera aksi. Dilarang menggunakan flash untuk fotografi.</p><p>·&nbsp;&nbsp;&nbsp;&nbsp;&nbsp;&nbsp;&nbsp;&nbsp;Dilarang berjualan di dalam lokasi acara.</p><p>·&nbsp;&nbsp;&nbsp;&nbsp;&nbsp;&nbsp;&nbsp;&nbsp;Dilarang menyebarkan pamphlet, atau brosur apapun tanpa persetujuan dari penyelenggara.</p><p>·&nbsp;&nbsp;&nbsp;&nbsp;&nbsp;&nbsp;&nbsp;&nbsp;Dilarang membawa senjata dalam bentuk apapun.</p><p>·&nbsp;&nbsp;&nbsp;&nbsp;&nbsp;&nbsp;&nbsp;&nbsp;Dilarang membawa cat dan peralatan cat ataupun pewarna dalam bentuk apapun.</p><p>·&nbsp;&nbsp;&nbsp;&nbsp;&nbsp;&nbsp;&nbsp;&nbsp;Dilarang membawa dan bermain kembang api atau petasan.</p><p>·&nbsp;&nbsp;&nbsp;&nbsp;&nbsp;&nbsp;&nbsp;&nbsp;Dilarang membawa benda – benda terlarang.</p><p>·&nbsp;&nbsp;&nbsp;&nbsp;&nbsp;&nbsp;&nbsp;&nbsp;Dilarang membawa narkoba atau obat – obatan terlarang.</p><p>·&nbsp;&nbsp;&nbsp;&nbsp;&nbsp;&nbsp;&nbsp;&nbsp;Dilarang membawa obat – obatan resmi, terkecuali dapat menunjukan resep dokter</p><p>·&nbsp;&nbsp;&nbsp;&nbsp;&nbsp;&nbsp;&nbsp;&nbsp;Dilarang membawa produk yang dapat membahayakan kesehatan manusia.</p><p>·&nbsp;&nbsp;&nbsp;&nbsp;&nbsp;&nbsp;&nbsp;&nbsp;Dilarang membawa rantai besi.</p><p>·&nbsp;&nbsp;&nbsp;&nbsp;&nbsp;&nbsp;&nbsp;&nbsp;Dilarang membawa alat yang dapat mengeluarkan sinar laser.</p><p>·&nbsp;&nbsp;&nbsp;&nbsp;&nbsp;&nbsp;&nbsp;&nbsp;Dilarang membawa bendera atau benda – benda besar yang terbuat dari besi ataupun kayu.</p><p>·&nbsp;&nbsp;&nbsp;&nbsp;&nbsp;&nbsp;&nbsp;&nbsp;Dilarang membawa payung ukuran besar.</p><p>·&nbsp;&nbsp;&nbsp;&nbsp;&nbsp;&nbsp;&nbsp;&nbsp;Dilarang membawa pembalut wanita tanpa segel.</p><p>·&nbsp;&nbsp;&nbsp;&nbsp;&nbsp;&nbsp;&nbsp;&nbsp;Dilarang membawa binatang.</p><p>·&nbsp;&nbsp;&nbsp;&nbsp;&nbsp;&nbsp;&nbsp;&nbsp;Dilarang membawa alat pendingin.</p><p>·&nbsp;&nbsp;&nbsp;&nbsp;&nbsp;&nbsp;&nbsp;&nbsp;Dilarang membawa alat pembuka botol.</p><p>·&nbsp;&nbsp;&nbsp;&nbsp;&nbsp;&nbsp;&nbsp;&nbsp;Dilarang membawa tas ransel, koper, dan tas lainnya yang melebihi ukuran 20 cm x 30 cm. Tidak disediakan tempat penitipan barang di lokasi acara.</p><p>·&nbsp;&nbsp;&nbsp;&nbsp;&nbsp;&nbsp;&nbsp;&nbsp;Dilarang membawa parfum semprot.</p><p>·&nbsp;&nbsp;&nbsp;&nbsp;&nbsp;&nbsp;&nbsp;&nbsp;Dilarang membawa tripod untuk kamera.</p><p>·&nbsp;&nbsp;&nbsp;&nbsp;&nbsp;&nbsp;&nbsp;&nbsp;Dilarang membawa bahan peledak atau mudah meledak.</p><p>·&nbsp;&nbsp;&nbsp;&nbsp;&nbsp;&nbsp;&nbsp;&nbsp;Dilarang membawa pisau atau benda tajam lainnya.</p><p>·&nbsp;&nbsp;&nbsp;&nbsp;&nbsp;&nbsp;&nbsp;&nbsp;Dilarang membawa barang yang dapat memunculkan nyala api atau kaleng semprot.</p><p>·&nbsp;&nbsp;&nbsp;&nbsp;&nbsp;&nbsp;&nbsp;&nbsp;Dilarang melakukan kegiatan bakar membakar.</p><p>·&nbsp;&nbsp;&nbsp;&nbsp;&nbsp;&nbsp;&nbsp;&nbsp;Dilarang membawa senapan air maupun angin.</p><p>·&nbsp;&nbsp;&nbsp;&nbsp;&nbsp;&nbsp;&nbsp;&nbsp;Dilarang membawa kursi.</p><p>·&nbsp;&nbsp;&nbsp;&nbsp;&nbsp;&nbsp;&nbsp;&nbsp;Dilarang membawa dan mengoperasikan drone atau peralatan lain sejenis.</p><p>·&nbsp;&nbsp;&nbsp;&nbsp;&nbsp;&nbsp;&nbsp;&nbsp;Dilarang membawa kantung tidur.</p><p>·&nbsp;&nbsp;&nbsp;&nbsp;&nbsp;&nbsp;&nbsp;&nbsp;Dilarang merokok/vaping/rokok elektronik di area konser.</p><p>·&nbsp;&nbsp;&nbsp;&nbsp;&nbsp;&nbsp;&nbsp;&nbsp;Dilarang membawa benda apapun yang dapat digunakan untuk merusak ketertiban, membahayakan keselamatan pengunjung, dan/atau menimbulkan kerusakan pada manusia ataupun barang, berdasarkan keputusan mutlak dari panitia acara.</p><p>·&nbsp;&nbsp;&nbsp;&nbsp;&nbsp;&nbsp;&nbsp;&nbsp;Untuk alasan keselamatan, penyelenggara acara memiliki hak untuk, tanpa diperlukan adanya pemberitahuan terlebih dahulu : menunda, membatalkan, atau menghentikan jalannya acara; menahan pengunjung untuk tetap berada dalam lokasi acara untuk sementara waktu sampai acara berakhir; mengevakuasi sebagian atau keseluruhan lokasi acara, serta menolak pengunjung untuk masuk ke lokasi acara meskipun telah memiliki tiket masuk yang sah.</p><p>·&nbsp;&nbsp;&nbsp;&nbsp;&nbsp;&nbsp;&nbsp;&nbsp;Penyelenggara acara tidak bertanggung jawab atas kehilangan atau kerusakan yang terjadi pada kendaraan yang berada di area parkir ataupun di sekitar lokasi acara.</p><p>·&nbsp;&nbsp;&nbsp;&nbsp;&nbsp;&nbsp;&nbsp;&nbsp;Penyelenggara acara tidak bertanggung jawab atas kehilangan ataupun kerusakan yang terjadi pada kendaraan yang diderek keluar dari lokasi acara.</p><p><strong>PEMERIKSAAN SAAT MASUK ACARA</strong>&nbsp;</p><p>·&nbsp;&nbsp;&nbsp;&nbsp;&nbsp;&nbsp;&nbsp;&nbsp;Keselamatan dan keamanan Anda penting bagi kami. Anda memahami bahwa Anda dan barang bawaan Anda dapat dikenai pemeriksaan pada saat masuk ke Acara. Jika Anda menolak untuk berpartisipasi dalam tindakan keamanan ini, kami dapat menolak Anda untuk masuk. Penyelenggara juga berhak meminta Anda untuk meninggalkan acara jika perilaku Anda membahayakan keselamatan atau keamanan peserta acara. Jika Penyelenggara menolak masuk atau mengharuskan Anda pergi, Anda tidak akan menerima pengembalian uang.</p><p>·&nbsp;&nbsp;&nbsp;&nbsp;&nbsp;&nbsp;&nbsp;&nbsp;Pengunjung, termasuk wartawan, wajib menjalani pemeriksaan sebelum memasuki lokasi acara. Pada saat memasuki gerbang lokasi acara seluruh pengunjung akan diperiksa menggunakan metode pemeriksaan seperti pemeriksaan yang dilakukan di bandara, termasuk memeriksa kantong dan tas, serta memeriksa barang – barang pengunjung. Detektor obat – obatan terlarang dan anjing pelacak (K-9) akan digunakan dalam pemeriksaan. Penyelenggara acara memiliki hak penuh, pada setiap saat, untuk menolak ataupun mengeluarkan secara paksa pengunjung dari dalam lokasi acara yang menurut pertimbangan sendiri penyelenggara acara adalah melanggar tata tertib dan peraturan acara, peraturan mana berhak untuk direvisi dari waktu ke waktu oleh penyelenggara acara, dengan ataupun tanpa pemberitahuan sebelumnya.</p><p>&nbsp;</p><p><strong>HAK ATAS PENGAMBILAN REKAMAN VIDEO ATAUPUN GAMBAR</strong>&nbsp;</p><p>·&nbsp;&nbsp;&nbsp;&nbsp;&nbsp;&nbsp;&nbsp;&nbsp;Penyelenggara acara dan pihak terafiliasinya memiliki hak untuk memfilmkan, membuat rekaman, dan/atau mengambil foto – foto keadaan, kegiatan, dan/atau pernyataan – pernyataan dari pengujung acara untuk keperluan penayangan pada televisi, gambar bergerak, internet, dan/atau penyiaran secara publik lainnya dan untuk tujuan apapun. Pengunjung dengan ini melepaskan dan membebaskan penyelenggara acara berikut seluruh pihak terafiliasinya dari segala klaim terkait kerusakan, kerugian, tanggung jawab, denda, serta dampak – dampak lain apapun yang timbul baik secara langsung maupun tidak langsung dari kegiatan memfilmkan, merekam, dan/atau mengambil foto – foto pada saat event berlangsung.</p><p>·&nbsp;&nbsp;&nbsp;&nbsp;&nbsp;&nbsp;&nbsp;&nbsp;Dilarang melemparkan barang ke panggung, khususnya benda padat karena akan melukai artis dan selamat menikmati konser!</p><p>&nbsp;</p><p>**Syarat dan ketentuan dapat berubah sewaktu-waktu tanpa pemberitahuan sebelumnya.</p>','/eventpic/IMG1584174919227.jpg',14,'2020-03-14','Active'),('EVT143D64DPJQW',1,9,'Bootcamp UX Research Tingkat Menengah','2020-06-28','BSD Green Office Park','<p>Seringkali kita hanya memikirkan bagaimana cara agar pengunjung mendatangi website / aplikasi kita. Namun pengalaman pengguna yang buruk di sebuah website / aplikasi tersebut menjadikan pengguna tidak mau kembali ke website / aplikasi tersebut.</p><p>Lantas bagaimana cara kita memastikan bahwa pengguna yang datang ke website / aplikasi kita mendapatkan pengalaman yang baik sesuai ekspektasi dan kebutuhan mereka, sehingga mereka merasa nyaman, puas dan ingin kembali lagi melakuan transaksi bahkan mengajak orang-orang terdekatnya?</p><p>Untuk itu pentingnya kita mempelajari ilmu user experience, dengan mengikuti kelas ini kamu dapat membuat website / aplikasi mu sesuai dengan kebutuhan dan keinginan pengguna sehingga pengguna dapat merasa nyaman, puas dan ingin kembali ke website / aplikasi mu.</p><p><strong>Materi</strong></p><ol><li>Basic UX &amp; Research Framework</li><li>Research Method?</li><li>Research Synthesis</li><li>Research Report?</li></ol><p><strong>Jadwal Kelas</strong></p><ul><li>Tempat : Dilo Bsd</li><li>Hari &amp; Tanggal : Selama bulan April 2019 setiap hari Sabtu (lihat bagian materi)</li><li>Waktu : Pukul 13:00 - 16:00</li></ul><p><strong>Fasilitas</strong></p><ul><li>Handout</li><li>Workshop Material (sticky notes, board, etc if needed)</li></ul><p><strong>Kontak Informasi</strong></p><p>Jika ada pertanyaan silakan hubungi +62 895-333-004-005 (Telp / SMS / WA)</p><p><strong>Informasi Kelas Lainnya</strong></p><ul><li>Website resmi?<a href=\"http://www.tutormu.com/\">www.tutormu.com</a></li><li><a href=\"https://www.loket.com/event/bootcamp-ux-design-tingkat-mampu-batch-1-8b31\">Kelas UX Design</a>??(1 bulan, dimulai pada 7 Maret 2020)</li></ul><p><strong>Intip Keseruan Kami</strong></p><figure class=\"media\"><oembed url=\"https://youtu.be/1Z1jWNmVuV8\"></oembed></figure>','<p>-</p>','/eventpic/IMG1584174203278.jpg',14,'2020-03-14','Active'),('EVT143GJ6P1KQD',2,9,'PERMADHIS INNOVATIVE SHOW','2020-07-28','Pekanbaru Convention & Exhibition (PCE), Complex SKA, Jalan Soekarno - Hatta, Delima, Pekanbaru City, Riau, Indonesia','<h2><strong>Tiket Permadhis Innovative Show</strong></h2><p>Temukan informasi lengkap tentang acara Permadhis Innovative Show di tiket.com dan pesan tiketnya sekarang!</p><p><strong>Permadhis Innovative Show</strong></p><p>Permadhis Innovative Show(PIS) merupakan kegiatan yang diselenggarakan oleh Permadhis PCR dengan fokus kegiatan di bidang edukasi. Keuntungan dari seluruh kegiatan oleh Permadhis akan dialokasikan untuk membantu perkembangan Kota Pekanbaru, baik di bidang sosial maupun pendidikan. Mengusung konsep mengenai olahraga marathon, kami melalui Permadhis Innovative Show percaya bahwa setiap orang berhak untuk memulai langkah pertamanya menuju kesuksesan bersama-sama, bertahan, dan berjuang dalam lintas lintasan kehidupan. Bersama dalam meraih kemenangan dan kemerdekaan, merdeka dalam berpendapat, merdeka dalam berinovasi, dan merdeka dalam belajar.</p>','<p>Syarat dan Ketentuan Event</p><ul><li>Ketahuilah bahwa reseller dan perantara tiket pihak ketiga akan menjual tiket yang lebih mahal atau tidak valid secara online. Disarankan untuk tidak menggunakan situs penjualan pihak ketiga dan HANYA membeli tiket asli langsung dari www.tiket.com. Ini adalah satu-satunya cara untuk memastikan Anda mendapatkan tiket otentik dengan harga yang sebenarnya.</li></ul><p>Tiket</p><ul><li>Semua Harga sudah termasuk Pajak Pemerintah&nbsp;dan Biaya Administrasi</li><li>Tiket yang sudah dibeli tidak dapat ditukar, diuangkan kembali, ataupun dibatalkan.</li><li>Tiket hanya berlaku apabila pembelian dilakukan sesuai dengan tata cara yang telah ditentukan oleh penyedia layanan transaksi elektronik/online sebagaimana tertera pada website resmi promotor atau tempat penjualan tiket resmi yang telah ditentukan oleh Promotor/Penyelenggara Acara. Jika tidak Anda tidak akan dapat melakukan verifikasi apakah&nbsp;E-Voucher yang anda miliki adalah tiket yang sah atau tidak sah.</li><li>Pembeli hanya diperkenankan mencetak E-Voucher sebanyak satu kali untuk setiap tiket yang dibeli. Penggandaan E-voucher tidak diperbolehkan dan dinyatakan sebagai perbuatan melanggar hukum.</li><li>Setiap E-Voucher menggunakan kode unik (barcode) tersendiri dan berlaku hanya untuk satu orang. E-Voucher yang sudah digunakan tidak dapat di gunakan kembali. Penggandaan E-voucher tidak dapat digunakan untuk masuk ke dalam event berulang kali.</li><li>E-Voucher wajib ditukarkan dengan wristband selama periode penukaran.</li></ul>','/eventpic/IMG1584175020400.jpg',14,'2020-03-14','Active'),('EVT143IQOQIU90',1,9,'RUANG NELITI ENGLISH SHORT COURSE','2020-08-14','RUANG NELITI HEAD OFFICE, DKI Jakarta','<p>Halo sahabat neliti! Do you have issues with reading?</p><p>Yuk ikut ENGLISH SHORT COURSE yang akan membantu melancarkan Bahasa Inggris kamu.<br>Kamu akan belajar mengenai teknik membaca ketika menemui kosakata baru yang belum pernah kamu temukan sebelumnya.?Selain itu, kamu juga akan belajar mengenai teknik pengucapan, teknik membaca, dan perbedaan diantara ?American Accent? dan ?British Accent?.<br>Cukup meronggoh?kocek 3jt, kamu akan diajari oleh Kak Sifa dan Kak Wawas yang akan dimulai pada bulan Maret sampai 3 bulan kedepan dengan total 24 kali pertemuan. Jadi tunggu apa lagi? Yuk segera daftarkan diri kamu!</p><p>What You Learn?<br>1. Reading<br>2. Phonetics/Soudmakers<br>3. Pronunciations<br>4. Knowing the Distinctions between America vs British</p><p><br>What?s the Price Inclusive of?<br>24 Session for 3 Months</p><p>What do you need to bring?<br>TO BE ANNOUNCE</p><p><br>Segera daftarkan diri anda dengan menghubungi +62213107982 (Call) atau Text +6282124191331 (Jane Evangelina).</p>','<p>------</p>','/eventpic/IMG1584174023118.jpg',14,'2020-03-14','Active'),('EVT143W72OKK7U',34,11,'MOTOGP SEPANG MALAYSIA 2020','2020-06-28','Sepang International Circuit, 27, Sepang, Selangor, Malaysia','<h2><strong>Harga Tiket MotoGP Sepang 2020</strong></h2><p>Ingin tahu informasi lengkap tentang balap MotoGP di Sepang tahun 2020 ini? Atau tentang harga tiket MotoGP Sepang Malaysia? Temukan semua informasi dan tiketnya di tiket.com sekarang!</p><p><strong>MotoGP Sepang 2020</strong></p><p>Bagi kamu fans olahraga MotoGP, kamu tentu ingin menghadiri balap MotoGP di Sepang pada akhir Oktober nanti. Jangan lewatkan kesempatan untuk menyaksikan atlet-atlet balap favoritmu bertanding di Sirkuit Sepang, Malaysia. Pilihlah tempat duduk yang paling nyaman dengan <i>view </i>terbaik untukmu dan pesan tiketnya sekarang di tiket.com!&nbsp;</p><p><strong>Harga Tiket MotoGP Sepang Malaysia 2020</strong></p><ul><li>C2 HillStand (Covered) - Normal: Rp200.000,-</li><li>F GrandStand - Normal: Rp350.000,-</li><li>K2 HillStand - Normal: Rp200.000,-</li><li>Main GrandStand - Normal: Rp800.000,-</li><li>Marquez Tribune - Normal: Rp1.000.000,-</li><li>Premier Roving - Normal: Rp1.200.000,-</li><li>VR46 Tribune - Normal: Rp650.000,-</li></ul><p><strong>Yang Akan Kamu Dapatkan</strong></p><ul><li>Akses untuk menonton pertunjukkan lengkap.</li></ul><p><strong>Tidak Termasuk</strong></p><ul><li>Makanan dan minuman.</li><li>Biaya parkir.</li></ul><p><strong>Validitas</strong></p><p>Tiket yang sudah dibeli hanya berlaku pada tanggal yang dipilih.</p><p><strong>Kebijakan Pembatalan</strong></p><p>Tiket yang sudah dibeli tidak dapat dikembalikan, ditukar, atau diganti jadwal.</p><p><strong>Informasi Penting</strong></p><p>Perhatikan sejumlah informasi penting ini agar dapat menyaksikan acara dengan lebih baik.</p><h2><strong>Jadwal MotoGP Sepang Malaysia</strong></h2><p>Jumat, 30 Oktober 2020 : Free Practice&nbsp;</p><p>Sabtu, 31 Oktober 2020 : Qualifying Race&nbsp;</p><p>Minggu, 01 November 2020 : Race Day</p>','<ul><li>Tiket ini bersifat<strong>&nbsp;</strong><i><strong>&nbsp;Non-refundable</strong></i>, artinya tiket yang sudah dibeli atau pemesanan yang sudah terkonfirmasi, tidak dapat dikembalikan atau ditukarkan.</li><li>Metode pembayaran tersedia melalui: Bank Transfer, Visa/Master Credit Card, KlikBCA Online, BCA Klikpay, CIMB Clicks, XL Tunai, and ePay BRI.</li><li>Pembayaran menggunakan&nbsp;<i>Bank Transfer</i>&nbsp;akan dikenakan biaya administrasi sesuai dengan Kode Unik yang tertera (Rp.1000 - 2000). Jumlah yang di-<i><strong>transfer</strong></i><strong>&nbsp;harus sesuai&nbsp;dengan harga total dan Kode Unik</strong>. Pembayaran dilakukan paling lambat 3 jam setelah pemesanan. Proses pemesanan akan dianggap hangus jika melebihi batas waktu yang ditentukan.</li><li>Pembayaran menggunakan KlikBCA dikenakan biaya pelayanan&nbsp;sebesar Rp 2000 (dua ribu rupiah).</li><li>Pembayaran menggunakan kartu kredit dikenakan biaya pelayanan&nbsp;sebesar 3% dari total transaksi.</li><li>Pembeli wajib mengisi Data Pribadi pada saat proses pembelian.</li><li>Pembeli wajib membawa fotokopi Kartu Identitas pada saat penukaran Voucher menjadi Tiket Fisik.</li><li>Penjualan Tiket sewaktu-waktu dapat dihentikan atau dimulai oleh pihak Tiket.com, sesuai dengan kebijakan dari Promotor atau Tiket.com .</li><li>Voucher tiket tidak berlaku sebagai tanda masuk dan harus ditukarkan dengan Tiket Fisik sebelum acara dimulai, pada waktu dan tempat yang telah ditentukan.</li><li>Penukaran Voucher akan diinformasikan selanjutnya melalui email dan Twitter<a href=\"https://twitter.com/tiket\">&nbsp;@tiket</a></li></ul>','/eventpic/IMG1584175628936.jpg',14,'2020-03-14','Active'),('EVT162LXZZ6846',1,10,'Head in the Clouds Jakarta','2020-07-07','JIExpo Kemayoran, Jalan Rajawali Selatan Raya, RT.2/RW.6, North Gunung Sahari, Central Jakarta City, Jakarta, Indonesia','<p><strong>Head In The Clouds</strong></p><p>Penggemar musik dari para musisi 88 Rising tentu tidak sabar menyaksikan penampilan mereka langsung. Di acara Head In The Clouds ini, 88 Rising akan membawa para musisinya seperti Rich Brian, Joji, Stephanie Poetri, dan masih banyak lagi, untuk tampil di panggung JiExpo Kemayoran dan membawakan lagu-lagu favoritmu.&nbsp;</p><p>Jangan lewatkan penampilan spektakuler mereka! Cek harga tiket Head In The Clouds Indonesia di tiket.com dan pesan tiketmu sekarang sebelum kehabisan!</p>','<p><strong>Syarat dan Ketentuan Event</strong></p><ul><li>Ketahuilah bahwa reseller dan perantara tiket pihak ketiga akan menjual tiket yang lebih mahal atau tidak valid secara online. Disarankan untuk tidak menggunakan situs penjualan pihak ketiga dan HANYA membeli tiket asli langsung dari www.tiket.com. Ini adalah satu-satunya cara untuk memastikan Anda mendapatkan tiket otentik dengan harga yang sebenarnya.</li></ul><p><strong>Tiket</strong></p><ul><li>Semua Harga sudah termasuk Pajak Pemerintah&nbsp;dan Biaya Administrasi</li><li>Tiket yang sudah dibeli tidak dapat ditukar, diuangkan kembali, ataupun dibatalkan.</li><li>Tiket hanya berlaku apabila pembelian dilakukan sesuai dengan tata cara yang telah ditentukan oleh penyedia layanan transaksi elektronik/online sebagaimana tertera pada website resmi promotor atau tempat penjualan tiket resmi yang telah ditentukan oleh Promotor/Penyelenggara Acara. Jika tidak Anda tidak akan dapat melakukan verifikasi apakah&nbsp;E-Voucher yang anda miliki adalah tiket yang sah atau tidak sah.</li><li>Pembeli hanya diperkenankan mencetak E-Voucher sebanyak satu kali untuk setiap tiket yang dibeli. Penggandaan E-voucher tidak diperbolehkan dan dinyatakan sebagai perbuatan melanggar hukum.</li><li>Setiap E-Voucher menggunakan kode unik (barcode) tersendiri dan berlaku hanya untuk satu orang. E-Voucher yang sudah digunakan tidak dapat di gunakan kembali. Penggandaan E-voucher tidak dapat digunakan untuk masuk ke dalam event berulang kali.</li><li>E-Voucher wajib ditukarkan dengan wristband selama periode penukaran.</li></ul>','/eventpic/IMG1581864715235.jpg',16,'2020-02-16','Active'),('EVT172Y4QRGB2R',2,10,'NCT DREAM TOUR “THE DREAM SHOW”','2020-07-01','Istora Senayan, Jalan Pintu Satu Senayan, RT.1/RW.3, Gelora, South Jakarta City, Jakarta, Indonesia','<h2><strong>Tentang Konser NCT Dream Show Indonesia</strong></h2><p>NCT DREAM TOUR “THE DREAM SHOW” – in JAKARTA adalah konser World Tour pertama untuk boyband asal Korea Selatan, NCT DREAM. Konser ini juga akan menjadi konser tunggal pertama yang diadakan oleh NCT DREAM di Jakarta setelah beberapa kali mengunjungi Indonesia dalam acara festival. Mecimapro, sebagai promotor dari konser ini, menginformasikan perihal konser perdana NCT DREAM di Jakarta yang akan diselenggarakan pada tanggal 1 Maret 2020 di Istora Senayan pukul 15:00 WIB.</p><p>NCT DREAM adalah boyband dalam naungan salah satu managemen industri hiburan terbesar di Korea Selatan, SM Entertainment. NCT DREAM adalah subunit ke-3 dari boyband NCT, yang beranggotakan HAECHAN, CHENLE, JENO, RENJUN, JAEMIN, dan JISUNG. NCT DREAM memiliki konsep “<i>admission-graduation</i>”, dimana anggota yang sudah mencapai usia 20 tahun akan “lulus” dari unit NCT DREAM.&nbsp;NCT DREAM debut pada tahun 2016 dengan single berjudul “<i>Chewing Gum</i>” dengan 7 anggota, yaitu 6 anggota yang aktif dalam NCT DREAM saat ini dan MARK yang sudah lulus dari NCT DREAM pada tahun 2018. NCT DREAM berhasil meraih kemenangan pertamanya pada tahun 2017, yang merupakan kemenangan pertama untuk unit NCT. NCT DREAM juga berhasil memasuki <i>Billboard 21 Under 21: Music’s Next Generation</i> pada tahun 2018 dan 2019.</p>','<p>Syarat dan Ketentuan Event</p><ul><li>Ketahuilah bahwa reseller dan perantara tiket pihak ketiga akan menjual tiket yang lebih mahal atau tidak valid secara online. Disarankan untuk tidak menggunakan situs penjualan pihak ketiga dan HANYA membeli tiket asli langsung dari www.tiket.com. Ini adalah satu-satunya cara untuk memastikan Anda mendapatkan tiket otentik dengan harga yang sebenarnya.</li></ul>','/eventpic/IMG1581918222092.jpg',16,'2020-02-17','Active'),('EVT1829DJUAP29',2,11,'Ji Jin Seok Fan Meeting Jakarta','2020-06-07','Soehanna Hall-The Energy Building SCBD lot. 11,Jl. Jend. Sudirman Kav. 52-53, Jakarta','<p>- 1st fan meeting at 13:30 WIB</p><p>- 2nd fan meeting at 16:00 WIB</p><p>- Show performance at 19:00 WIB</p>','<ul><li>Non-Refundable, Tiket yang sudah dibeli dan dikonfirmasi tidak dapat dikembalikan atau ditukar.<br><i>Non-Refundable, Tickets purchased and confirmed cannot be refunded or exchanged.</i></li><li>Metode pembayaran yang tersedia adalah transfer Bank / ATM (Hanya ATM yang diterbitkan oleh bank di Indonesia), Visa / Kartu Kredit Guru, KlikBCA Online, dan EPAY BRI.<br><i>The payment methods available are Bank Transfer / ATM (only ATM issued by Indonesian banks), Visa/Master Credit Card, KlikBCA Online, and ePay BRI.</i></li><li>Pembeli akan dikenakan biaya layanan (Order Processing Fee) / tiket dan jika pembayaran menggunakan kartu kredit dikenakan biaya 3%<br><i>Buyers will be charged a service fee (Order Processing Fee) / tickets and if payment by credit card will be charged 3%.</i></li><li>Semua pelanggan diwajibkan untuk mengisi Data Pribadi untuk melakukan pembelian.<br><i>All customers are obliged to fill Personal Data to make a purchase.</i></li><li>Semua pelanggan diwajibkan untuk membawa KTP untuk menukarkan dengan tiket fisik.<br><i>All customers are obliged to bring Identity Card to exchange physical ticket.</i></li><li>Penjualan tiket oleh Rajakarcis bisa dihentikan atau dimulai oleh Rajakarcis berdasarkan kebijakan promotor (penyelengara acara).<br><i>Rajakarcis selling’s could be stopped or started by Rajakarcis per promoter (Committee) policy.</i></li></ul>','/eventpic/IMG1582123739307.jpg',1,'2020-02-18','Active'),('EVT212JE1M1C03',2,10,'B of You Asia Tour 2020 “Best of You”','2020-08-24','Tennis Indoor Stadium Senayan, Jalan Pintu Satu Senayan, Gelora, Central Jakarta City, Jakarta, Indonesia','<h2><strong>Tentang B of You Asia Tour 2020 “Best of You”</strong></h2><p>Temukan informasi lengkap tentang acara B of You Asia Tour di tiket.com sekarang!</p><p><strong>B of You Asia Tour 2020 “Best of You”</strong></p><p>Duo B.O.Y yang beranggotakan Kookheon dan Yuvin akan menggelar konser mini dan <i>fan meeting </i>pertama mereka di Indonesia tahun 2020 ini. Mantan anggota MYTEEN dan juga mantan kontestan Produce X 101 ini akan datang pada April mendatang untuk menyapa penggemar setianya di Indonesia.&nbsp;</p><p>Jangan lewatkan kesempatan untuk menyapa dan berinteraksi langsung dan menyaksikan penampilan musik Kookheon and Yuvin! Cek harga tiket Best Of You 2020 di tiket.com dan pesan sekarang sebelum kehabisan!&nbsp;</p>','<p>Syarat dan Ketentuan Event</p><ul><li>Ketahuilah bahwa reseller dan perantara tiket pihak ketiga akan menjual tiket yang lebih mahal atau tidak valid secara online. Disarankan untuk tidak menggunakan situs penjualan pihak ketiga dan HANYA membeli tiket asli langsung dari www.tiket.com. Ini adalah satu-satunya cara untuk memastikan Anda mendapatkan tiket otentik dengan harga yang sebenarnya.</li></ul><p>Tiket</p><ul><li>Semua Harga sudah termasuk Pajak Pemerintah&nbsp;dan Biaya Administrasi</li><li>Tiket yang sudah dibeli tidak dapat ditukar, diuangkan kembali, ataupun dibatalkan.</li><li>Tiket hanya berlaku apabila pembelian dilakukan sesuai dengan tata cara yang telah ditentukan oleh penyedia layanan transaksi elektronik/online sebagaimana tertera pada website resmi promotor atau tempat penjualan tiket resmi yang telah ditentukan oleh Promotor/Penyelenggara Acara. Jika tidak Anda tidak akan dapat melakukan verifikasi apakah&nbsp;E-Voucher yang anda miliki adalah tiket yang sah atau tidak sah.</li><li>Pembeli hanya diperkenankan mencetak E-Voucher sebanyak satu kali untuk setiap tiket yang dibeli. Penggandaan E-voucher tidak diperbolehkan dan dinyatakan sebagai perbuatan melanggar hukum.</li><li>Setiap E-Voucher menggunakan kode unik (barcode) tersendiri dan berlaku hanya untuk satu orang. E-Voucher yang sudah digunakan tidak dapat di gunakan kembali. Penggandaan E-voucher tidak dapat digunakan untuk masuk ke dalam event berulang kali.</li><li>E-Voucher wajib ditukarkan dengan wristband selama periode penukaran.</li></ul><p>&nbsp;</p><p>Informasi mengenai penukaran&nbsp;:</p><ul><li>Disarankan untuk menukarkan&nbsp;E-Voucher sebelumnya untuk menghindari antrian pada saat hari konser.</li></ul>','/eventpic/IMG1582267006383.jpg',16,'2020-02-21','Active'),('EVT23332G46UH9',36,12,'Cosplay Gallery','2020-08-29','Tennis Indoor Stadium Senayan, Jalan Pintu Satu Senayan, Gelora, Central Jakarta City, Jakarta, Indonesia','<p>Cosplay Gallery 2020</p>','<p>-</p>','/eventpic/IMG1584966629488.jpg',1,'2020-03-23','Active'),('EVT233T8V4LC7M',36,12,'Anime Lover Gathering','2020-08-28','Jl RS Fatmawati 39 Ruko Duta Mas Fatmawati Bl D-1/28,Cipete Utara','<p><strong>Anime Gathering 2020</strong></p><p>IKUZOOOOOO!!!!!</p>','<p>-</p>','/eventpic/IMG1584966417307.jpg',1,'2020-03-23','Active'),('EVT263MKABK90A',37,10,'ASIAN SOUND SYNDICATE VOL. 2','2020-07-25','P 19 arah Blok M / Cilandak atau jalan ke halte TransJakarta Dukuh Atas lalu naik bus TransJakarta koridor 1 arah Blok M.','<p>Asian Sound Syndicate Vol.2 memadukan musik, seni, makanan, dan fesyen. <i>A platform for people to enjoy, create and inspire</i>. Asian Sound Syndicate Vol. 2 menampilkan berbagai musisi hip-hop yang disebut ?International Syndicate? dan ?Local Syndicate?. Untuk edisi kedua (vol.2), acara ini akan menggabungkan aksi panggung dari musisi hip-hop tanah air dengan penampilan dari musisi hip-hop internasional asal Korea, Jepang, dan banyak lagi, sebagai tanda bahwa acara ?Hip-Hop? masih banyak diminati di Asia. Tema tahun ini mengusung ?Tropical Ambience? digabungkan dengan <i>pop art colors</i> dan <i>minimalist illustration</i> sebagai konsep acara.</p><h2><strong>Line Up Asian Sound Syndicate Vol 2 Indonesia</strong></h2><ul><li>Jay Park</li><li>Haon</li><li>pH-1</li><li>Hoody</li><li>AKLO</li><li>JAY?ED</li><li>Tuan Tigabelas</li></ul>','<ul><li>Ketahuilah bahwa reseller dan perantara tiket pihak ketiga akan menjual tiket yang lebih mahal atau tidak valid secara online. Disarankan untuk tidak menggunakan situs penjualan pihak ketiga dan HANYA membeli tiket asli langsung dari www.tiket.com. Ini adalah satu-satunya cara untuk memastikan Anda mendapatkan tiket otentik dengan harga yang sebenarnya.</li></ul><p><strong>Tiket</strong></p><ul><li>Semua Harga belum termasuk Pajak Pemerintah&nbsp;dan Biaya Administrasi</li><li>Tiket yang sudah dibeli tidak dapat ditukar, diuangkan kembali, ataupun dibatalkan.</li><li>Tiket hanya berlaku apabila pembelian dilakukan sesuai dengan tata cara yang telah ditentukan oleh penyedia layanan transaksi elektronik/online sebagaimana tertera pada website resmi promotor atau tempat penjualan tiket resmi yang telah ditentukan oleh Promotor/Penyelenggara Acara. Jika tidak Anda tidak akan dapat melakukan verifikasi apakah&nbsp;E-Voucher yang anda miliki adalah tiket yang sah atau tidak sah.</li><li>Pembeli hanya diperkenankan mencetak E-Voucher sebanyak satu kali untuk setiap tiket yang dibeli. Penggandaan E-voucher tidak diperbolehkan dan dinyatakan sebagai perbuatan melanggar hukum.</li><li>Setiap E-Voucher menggunakan kode unik (barcode) tersendiri dan berlaku hanya untuk satu orang. E-Voucher yang sudah digunakan tidak dapat di gunakan kembali. Penggandaan E-voucher tidak dapat digunakan untuk masuk ke dalam event berulang kali.</li><li>E-Voucher wajib ditukarkan dengan wristband selama periode penukaran.</li></ul>','/eventpic/IMG1585208642206.jpg',1,'2020-03-26','Active');
/*!40000 ALTER TABLE `event` ENABLE KEYS */;
UNLOCK TABLES;

--
-- Table structure for table `event_ticket`
--

DROP TABLE IF EXISTS `event_ticket`;
/*!40101 SET @saved_cs_client     = @@character_set_client */;
/*!50503 SET character_set_client = utf8mb4 */;
CREATE TABLE `event_ticket` (
  `idticket` int(11) NOT NULL AUTO_INCREMENT,
  `idevent` varchar(20) NOT NULL,
  `ticket_name` varchar(60) NOT NULL,
  `ticket_price` int(11) NOT NULL,
  `ticket_stock` int(11) NOT NULL,
  `ticket_status` varchar(45) NOT NULL,
  PRIMARY KEY (`idticket`)
) ENGINE=InnoDB AUTO_INCREMENT=38 DEFAULT CHARSET=utf8mb4 COLLATE=utf8mb4_0900_ai_ci;
/*!40101 SET character_set_client = @saved_cs_client */;

--
-- Dumping data for table `event_ticket`
--

LOCK TABLES `event_ticket` WRITE;
/*!40000 ALTER TABLE `event_ticket` DISABLE KEYS */;
INSERT INTO `event_ticket` VALUES (6,'EVT162LXZZ6846','Regular',1350000,55,'Active'),(7,'EVT162LXZZ6846','VIP',1600000,0,'Active'),(8,'EVT172Y4QRGB2R','Pink',1000000,90,'Active'),(9,'EVT172Y4QRGB2R','Purple',1200000,40,'Active'),(10,'EVT1829DJUAP29','Fan Meeting 1',1140000,120,'Active'),(11,'EVT1829DJUAP29','Fan Meeting 2',1140000,100,'Active'),(12,'EVT1829DJUAP29','VIP Fan Meeting',1500000,35,'Active'),(13,'EVT212JE1M1C03','Yellow',2100000,80,'Active'),(14,'EVT212JE1M1C03','Blue',1650000,109,'Active'),(15,'EVT272HUM1E840','Silver',1500000,120,'Active'),(16,'EVT123GSTESGQV','Family Pack',160000,49,'Active'),(17,'EVT123GSTESGQV','General Admission',120000,100,'Active'),(18,'EVT123VJ7ET1LE','Regular',50000,100,'Active'),(19,'EVT123WY7KXDSV','Regular',80000,30,'Active'),(20,'EVT123WY7KXDSV','Early Bird',70000,3,'Active'),(21,'EVT1433GI3U6SR','1 Day Pass',150000,1500,'Active'),(22,'EVT1437ATDWVSF','Presale 1',55000,99,'Active'),(23,'EVT1437ATDWVSF','Presale 2',80000,200,'Active'),(24,'EVT143IQOQIU90','Student Ticket',3000000,50,'Active'),(25,'EVT143IQOQIU90','Public Ticket',3500000,50,'Active'),(26,'EVT143D64DPJQW','Regular',2000000,27,'Active'),(27,'EVT143D64DPJQW','Early Bird (Hemat 25%)',1500000,50,'Active'),(28,'EVT143BEJSLW68','PRESALE 1',105000,998,'Active'),(29,'EVT143GJ6P1KQD','Regular',100000,1200,'Active'),(30,'EVT143W72OKK7U','C2 HillStand (Covered) - Normal',200000,1000,'Active'),(31,'EVT143W72OKK7U','K2 HillStand - Normal',200000,741,'Active'),(32,'EVT1435SQHR5KJ','General Admission - Festival',165000,245,'Active'),(33,'EVT233T8V4LC7M','Wibu',100000,198,'Active'),(34,'EVT233T8V4LC7M','Very Important Wibu',200000,150,'Active'),(35,'EVT23332G46UH9','Regular',90000,499,'Active'),(36,'EVT263MKABK90A','Regular',200000,100,'Active'),(37,'EVT263MKABK90A','VIP',300000,200,'Active');
/*!40000 ALTER TABLE `event_ticket` ENABLE KEYS */;
UNLOCK TABLES;

--
-- Table structure for table `feedback`
--

DROP TABLE IF EXISTS `feedback`;
/*!40101 SET @saved_cs_client     = @@character_set_client */;
/*!50503 SET character_set_client = utf8mb4 */;
CREATE TABLE `feedback` (
  `id_feedback` int(11) NOT NULL AUTO_INCREMENT,
  `name` varchar(45) NOT NULL,
  `email` varchar(50) NOT NULL,
  `phone` varchar(20) NOT NULL,
  `message` text NOT NULL,
  `img` varchar(100) DEFAULT NULL,
  `date` date NOT NULL,
  `statusfeedback` varchar(45) NOT NULL,
  PRIMARY KEY (`id_feedback`)
) ENGINE=InnoDB AUTO_INCREMENT=5 DEFAULT CHARSET=utf8mb4 COLLATE=utf8mb4_0900_ai_ci;
/*!40101 SET character_set_client = @saved_cs_client */;

--
-- Dumping data for table `feedback`
--

LOCK TABLES `feedback` WRITE;
/*!40000 ALTER TABLE `feedback` DISABLE KEYS */;
INSERT INTO `feedback` VALUES (1,'Mikhael','mikel@gmail.com','08127263545','Lorem ipsum dolor sit amet, consectetur adipiscing elit. Donec bibendum sapien quis dui tincidunt sodales. Morbi hendrerit elementum dui faucibus iaculis. Duis pellentesque, purus ut mattis pellentesque, tellus quam volutpat tortor, nec aliquam odio nisl fermentum eros. Curabitur quis mi eu est semper rutrum at non lectus. Nam elementum nisl sit amet urna dapibus, a vestibulum dolor scelerisque. Aliquam erat volutpat. Quisque volutpat tristique nisl, ac tempus odio condimentum ut. Mauris eros arcu, egestas nec diam eget, congue sagittis quam. Quisque et lacinia leo. Suspendisse potenti.',NULL,'2020-03-01','Read'),(2,'Lionel','lionel@gmail.com','081278367124','In pretium, libero eget vestibulum porttitor, nisi magna suscipit nunc, venenatis fringilla turpis ex nec ante. In hac habitasse platea dictumst. Ut laoreet auctor eleifend. Nulla eu aliquam dui, sit amet vestibulum augue. Donec varius, tellus non aliquet hendrerit, libero purus lobortis orci, a tempor eros nibh nec quam. Etiam dapibus enim mattis commodo tincidunt. Curabitur eget interdum velit. Phasellus ac auctor mi. Sed condimentum felis in urna dignissim porttitor. Nullam eu enim ligula. Orci varius natoque penatibus et magnis dis parturient montes, nascetur ridiculus mus.','/feedback/IMG1583124953877.jpg','2020-03-02','Read'),(3,'Haryono','harz@yahoo.com','081231231245','Halo','/feedback/IMG1583132248330.jpg','2020-03-02','Read'),(4,'Marko','marko@gmail.com','0823423452','Corona alert help',NULL,'2020-03-23','Unread');
/*!40000 ALTER TABLE `feedback` ENABLE KEYS */;
UNLOCK TABLES;

--
-- Table structure for table `partner`
--

DROP TABLE IF EXISTS `partner`;
/*!40101 SET @saved_cs_client     = @@character_set_client */;
/*!50503 SET character_set_client = utf8mb4 */;
CREATE TABLE `partner` (
  `idpartner` int(11) NOT NULL AUTO_INCREMENT,
  `email` varchar(80) NOT NULL,
  `partner_name` varchar(45) NOT NULL,
  `address` varchar(200) NOT NULL,
  `cp_name` varchar(45) NOT NULL,
  `phonenum` varchar(20) NOT NULL,
  `partner_pic` varchar(300) DEFAULT NULL,
  `join_date` date NOT NULL,
  `addedd_by` int(11) NOT NULL,
  `partner_status` varchar(20) NOT NULL,
  PRIMARY KEY (`idpartner`),
  KEY `admin_adder_idx` (`addedd_by`),
  CONSTRAINT `admin_adder` FOREIGN KEY (`addedd_by`) REFERENCES `admin` (`idadmin`)
) ENGINE=InnoDB AUTO_INCREMENT=38 DEFAULT CHARSET=utf8mb4 COLLATE=utf8mb4_0900_ai_ci;
/*!40101 SET character_set_client = @saved_cs_client */;

--
-- Dumping data for table `partner`
--

LOCK TABLES `partner` WRITE;
/*!40000 ALTER TABLE `partner` DISABLE KEYS */;
INSERT INTO `partner` VALUES (1,'pwd@gmail.com','Purwadhika','BSD','Budi','0812802398236','/partnerpic/IMG1582002992610.jpg','2020-02-04',14,'Active'),(2,'def@gmail.com','Default Corp','Def Building','Dono','081276662633','/partnerpic/defaultpartner.PNG','2020-02-04',14,'Active'),(24,'mcd@gmail.com','McDonald',' Jl. Raya Merdeka, RT.002/RW.001, Cimone Jaya, Kec. Karawaci, Kota Tangerang, Banten','Donald','081123414045','/partnerpic/IMG1580959636471.png','2020-02-06',1,'Active'),(28,'hitmon@gmail.com','Hitmonchan','Pokemon World','Trainer','081237623344','/partnerpic/IMG1580961399719.jpg','2020-02-06',1,'Active'),(31,'KFC@gmail.com','Kentucky Fried Chicken','Mahkota Mas, Jl. MH. Thamrin No.Kav.4, RT.006/RW.006, Cikokol, Kec. Tangerang, Kota Tangerang, Banten 15118','Sander','0812322232347','/partnerpic/IMG1580962028897.png','2020-02-06',1,'Active'),(32,'beats@gmail.com','Beats','Jl. Gading Serpong Boulevard No.45, Pakulonan Bar., Kec. Klp. Dua, Tangerang, Banten 15415','Dre','08169696923','/partnerpic/IMG1581260265375.png','2020-02-06',1,'Active'),(33,'gameshark@gmail.com','Game Shark','Jl Mangga Dua Raya Ruko Agung Sedayu Bl G/1 RT 009/11,Mangga Dua Selatan','Liani Siska Budiaman','0216124881','/partnerpic/IMG1584172747744.jpg','2020-03-14',14,'Active'),(34,'mecimapro@gmail.com','MecimaPro','Jl Brigjen Katamso 29424','Fanny Shinta Lesmono','0778395815','/partnerpic/IMG1584172927694.jpg','2020-03-14',14,'Active'),(35,'mil@gmail.com','Millenium Investment','Ruko Griya Cinere II Blok 49/12, Jl. Cinere Raya, Jawa Barat','Eko Widya Setiawan','081280942009','/partnerpic/IMG1584173003410.jpg','2020-03-14',14,'Active'),(36,'reactco@gmail.com','React','Jl Teratai Utama Bl F/1 Kompl Tanjung Barat Indah,Tanjung Barat','Ivan Agus Sutedja','0815682934211','/partnerpic/IMG1584966023286.png','2020-03-23',1,'Active'),(37,'netflix@gmail.com','Netflix',' Jl. Raya Merdeka, RT.002/RW.001, Cimone Jaya, Kec. Karawaci, Kota Tangerang, Banten','Donald','081231232444','/partnerpic/IMG1585208443925.png','2020-03-26',1,'Active');
/*!40000 ALTER TABLE `partner` ENABLE KEYS */;
UNLOCK TABLES;

--
-- Table structure for table `transaction`
--

DROP TABLE IF EXISTS `transaction`;
/*!40101 SET @saved_cs_client     = @@character_set_client */;
/*!50503 SET character_set_client = utf8mb4 */;
CREATE TABLE `transaction` (
  `idtransaction` varchar(25) NOT NULL,
  `idevent` varchar(25) NOT NULL,
  `iduser` int(11) NOT NULL,
  `totalticket` int(11) NOT NULL,
  `totalprice` int(11) NOT NULL,
  `receipt` varchar(100) DEFAULT NULL,
  `payment_method` varchar(45) NOT NULL,
  `transaction_time` datetime NOT NULL,
  `transaction_status` varchar(20) NOT NULL,
  PRIMARY KEY (`idtransaction`)
) ENGINE=InnoDB DEFAULT CHARSET=utf8mb4 COLLATE=utf8mb4_0900_ai_ci;
/*!40101 SET character_set_client = @saved_cs_client */;

--
-- Dumping data for table `transaction`
--

LOCK TABLES `transaction` WRITE;
/*!40000 ALTER TABLE `transaction` DISABLE KEYS */;
INSERT INTO `transaction` VALUES ('TRX11377L4X1O3','EVT212JE1M1C03',2,3,5850000,NULL,'BCA','2020-02-11 14:37:52','Done'),('TRX113QJ9Y83XB','EVT162LXZZ6846',2,5,7250000,'/receipt/IMG1583908254116.jpg','Transfer','2019-03-11 13:30:52','Done'),('TRX113WU9I50AE','EVT162LXZZ6846',1,10,14750000,NULL,'Gopay','2020-03-11 13:21:55','Done'),('TRX1231U0D7WSE','EVT212JE1M1C03',15,3,6300000,NULL,'BCA','2020-03-12 17:36:36','Done'),('TRX1233X0F5SZE','EVT123GSTESGQV',15,1,160000,NULL,'BCA','2020-03-12 17:33:33','Done'),('TRX123EVAUIUTF','EVT162LXZZ6846',3,5,7500000,NULL,'BCA','2020-03-12 15:01:12','Done'),('TRX123T3BUXXSL','EVT162LXZZ6846',6,4,6400000,NULL,'BCA','2020-03-12 15:19:36','Done'),('TRX123TYXIWIT6','EVT172Y4QRGB2R',15,5,5000000,NULL,'Gopay','2020-03-12 17:34:37','Done'),('TRX123WVB48XJ6','EVT123WY7KXDSV',1,5,350000,NULL,'BCA','2020-03-12 18:14:51','Done'),('TRX123Z22YU8CL','EVT162LXZZ6846',15,5,6750000,NULL,'BCA','2020-03-12 16:44:43','Done'),('TRX213HHNLN6LQ','EVT143D64DPJQW',15,3,6000000,NULL,'BCA','2020-03-21 14:55:38','Done'),('TRX213WX8P9808','EVT143BEJSLW68',15,2,210000,NULL,'Gopay','2020-03-21 14:58:35','Done'),('TRX213Z2UNU04I','EVT1437ATDWVSF',15,1,55000,NULL,'BCA','2020-03-21 15:01:32','Done'),('TRX233YUMPKPYM','EVT233T8V4LC7M',15,2,300000,NULL,'BCA','2020-03-23 19:38:14','Done'),('TRX2431YYPHNKJ','EVT23332G46UH9',15,1,90000,'/receipt/IMG1585038779479.jpg','Transfer','2020-03-24 15:32:59','Done'),('TRX263G6DAD3S5','EVT1435SQHR5KJ',15,5,825000,'/receipt/IMG1585207930517.jpg','Transfer','2020-03-26 14:32:10','Done');
/*!40000 ALTER TABLE `transaction` ENABLE KEYS */;
UNLOCK TABLES;

--
-- Table structure for table `transaction_ticket`
--

DROP TABLE IF EXISTS `transaction_ticket`;
/*!40101 SET @saved_cs_client     = @@character_set_client */;
/*!50503 SET character_set_client = utf8mb4 */;
CREATE TABLE `transaction_ticket` (
  `idtransactionticket` varchar(45) NOT NULL,
  `idtransaction` varchar(45) NOT NULL,
  `idevent` varchar(45) NOT NULL,
  `idticket` int(11) NOT NULL,
  `ticket_price` int(11) NOT NULL,
  `ticket_status` varchar(45) NOT NULL,
  PRIMARY KEY (`idtransactionticket`)
) ENGINE=InnoDB DEFAULT CHARSET=utf8mb4 COLLATE=utf8mb4_0900_ai_ci;
/*!40101 SET character_set_client = @saved_cs_client */;

--
-- Dumping data for table `transaction_ticket`
--

LOCK TABLES `transaction_ticket` WRITE;
/*!40000 ALTER TABLE `transaction_ticket` DISABLE KEYS */;
INSERT INTO `transaction_ticket` VALUES ('TIX00719585','TRX123EVAUIUTF','EVT162LXZZ6846',6,1350000,'Active'),('TIX01054411','TRX233YUMPKPYM','EVT233T8V4LC7M',33,150000,'Active'),('TIX05553334','TRX213HHNLN6LQ','EVT143D64DPJQW',26,2000000,'Active'),('TIX10692528','TRX113QJ9Y83XB','EVT162LXZZ6846',6,1350000,'Active'),('TIX12078599','TRX113WU9I50AE','EVT162LXZZ6846',6,1350000,'Active'),('TIX12167368','TRX11377L4X1O3','EVT212JE1M1C03',13,2100000,'Active'),('TIX14429601','TRX123TYXIWIT6','EVT172Y4QRGB2R',8,1000000,'Active'),('TIX16444729','TRX123WVB48XJ6','EVT123WY7KXDSV',20,70000,'Active'),('TIX16906344','TRX123Z22YU8CL','EVT162LXZZ6846',6,1350000,'Active'),('TIX22284046','TRX11377L4X1O3','EVT212JE1M1C03',14,1650000,'Active'),('TIX22571789','TRX123TYXIWIT6','EVT172Y4QRGB2R',8,1000000,'Active'),('TIX26353360','TRX123EVAUIUTF','EVT162LXZZ6846',6,1350000,'Active'),('TIX32451616','TRX123T3BUXXSL','EVT162LXZZ6846',7,1600000,'Active'),('TIX33973762','TRX123TYXIWIT6','EVT172Y4QRGB2R',8,1000000,'Active'),('TIX34767999','TRX1233X0F5SZE','EVT123GSTESGQV',16,160000,'Active'),('TIX34954220','TRX113WU9I50AE','EVT162LXZZ6846',7,1600000,'Active'),('TIX37637050','TRX113QJ9Y83XB','EVT162LXZZ6846',6,1350000,'Active'),('TIX38088199','TRX123T3BUXXSL','EVT162LXZZ6846',7,1600000,'Active'),('TIX38561482','TRX113WU9I50AE','EVT162LXZZ6846',7,1600000,'Active'),('TIX51644806','TRX1231U0D7WSE','EVT212JE1M1C03',13,2100000,'Active'),('TIX52586063','TRX113QJ9Y83XB','EVT162LXZZ6846',6,1350000,'Active'),('TIX54596598','TRX113WU9I50AE','EVT162LXZZ6846',6,1350000,'Active'),('TIX54716752','TRX113WU9I50AE','EVT162LXZZ6846',6,1350000,'Active'),('TIX55246800','TRX123EVAUIUTF','EVT162LXZZ6846',7,1600000,'Active'),('TIX58320316','TRX113QJ9Y83XB','EVT162LXZZ6846',7,1600000,'Active'),('TIX58629496','TRX213WX8P9808','EVT143BEJSLW68',28,105000,'Active'),('TIX59101821','TRX113QJ9Y83XB','EVT162LXZZ6846',7,1600000,'Active'),('TIX62959514','TRX123WVB48XJ6','EVT123WY7KXDSV',20,70000,'Active'),('TIX63760916','TRX123EVAUIUTF','EVT162LXZZ6846',7,1600000,'Active'),('TIX67743456','TRX113WU9I50AE','EVT162LXZZ6846',7,1600000,'Active'),('TIX68145784','TRX123WVB48XJ6','EVT123WY7KXDSV',20,70000,'Active'),('TIX69550835','TRX123Z22YU8CL','EVT162LXZZ6846',6,1350000,'Active'),('TIX70173729','TRX263G6DAD3S5','EVT1435SQHR5KJ',32,165000,'Active'),('TIX71637054','TRX123T3BUXXSL','EVT162LXZZ6846',7,1600000,'Active'),('TIX71651567','TRX113WU9I50AE','EVT162LXZZ6846',6,1350000,'Active'),('TIX75962671','TRX213Z2UNU04I','EVT1437ATDWVSF',22,55000,'Active'),('TIX75997554','TRX123TYXIWIT6','EVT172Y4QRGB2R',8,1000000,'Active'),('TIX77617920','TRX263G6DAD3S5','EVT1435SQHR5KJ',32,165000,'Active'),('TIX78511256','TRX1231U0D7WSE','EVT212JE1M1C03',13,2100000,'Active'),('TIX79905423','TRX123WVB48XJ6','EVT123WY7KXDSV',20,70000,'Active'),('TIX80556493','TRX213HHNLN6LQ','EVT143D64DPJQW',26,2000000,'Active'),('TIX81118818','TRX123TYXIWIT6','EVT172Y4QRGB2R',8,1000000,'Active'),('TIX81619646','TRX123Z22YU8CL','EVT162LXZZ6846',6,1350000,'Active'),('TIX83314446','TRX2431YYPHNKJ','EVT23332G46UH9',35,90000,'Active'),('TIX84620266','TRX11377L4X1O3','EVT212JE1M1C03',13,2100000,'Active'),('TIX85918876','TRX113WU9I50AE','EVT162LXZZ6846',7,1600000,'Active'),('TIX86390702','TRX123Z22YU8CL','EVT162LXZZ6846',6,1350000,'Active'),('TIX86831629','TRX263G6DAD3S5','EVT1435SQHR5KJ',32,165000,'Active'),('TIX87953573','TRX213HHNLN6LQ','EVT143D64DPJQW',26,2000000,'Active'),('TIX88133202','TRX263G6DAD3S5','EVT1435SQHR5KJ',32,165000,'Active'),('TIX89409367','TRX123T3BUXXSL','EVT162LXZZ6846',7,1600000,'Active'),('TIX89565133','TRX263G6DAD3S5','EVT1435SQHR5KJ',32,165000,'Active'),('TIX89657171','TRX123WVB48XJ6','EVT123WY7KXDSV',20,70000,'Active'),('TIX90140664','TRX113WU9I50AE','EVT162LXZZ6846',6,1350000,'Active'),('TIX91981656','TRX233YUMPKPYM','EVT233T8V4LC7M',33,150000,'Active'),('TIX96917651','TRX113WU9I50AE','EVT162LXZZ6846',7,1600000,'Active'),('TIX97187970','TRX123Z22YU8CL','EVT162LXZZ6846',6,1350000,'Active'),('TIX97298549','TRX213WX8P9808','EVT143BEJSLW68',28,105000,'Active'),('TIX98442877','TRX1231U0D7WSE','EVT212JE1M1C03',13,2100000,'Active'),('TIX99041271','TRX123EVAUIUTF','EVT162LXZZ6846',7,1600000,'Active');
/*!40000 ALTER TABLE `transaction_ticket` ENABLE KEYS */;
UNLOCK TABLES;

--
-- Table structure for table `user`
--

DROP TABLE IF EXISTS `user`;
/*!40101 SET @saved_cs_client     = @@character_set_client */;
/*!50503 SET character_set_client = utf8mb4 */;
CREATE TABLE `user` (
  `iduser` int(11) NOT NULL AUTO_INCREMENT,
  `name` varchar(45) NOT NULL,
  `email` varchar(80) NOT NULL,
  `password` varchar(150) NOT NULL,
  `birthdate` date NOT NULL,
  `gender` varchar(10) NOT NULL,
  `address` text NOT NULL,
  `phone` varchar(15) NOT NULL,
  `joindate` date NOT NULL,
  `avatar` varchar(45) NOT NULL,
  `status` varchar(45) NOT NULL,
  PRIMARY KEY (`iduser`)
) ENGINE=InnoDB AUTO_INCREMENT=21 DEFAULT CHARSET=utf8mb4 COLLATE=utf8mb4_0900_ai_ci;
/*!40101 SET character_set_client = @saved_cs_client */;

--
-- Dumping data for table `user`
--

LOCK TABLES `user` WRITE;
/*!40000 ALTER TABLE `user` DISABLE KEYS */;
INSERT INTO `user` VALUES (1,'Christopher','chris.putra@gmail.com','9b713737795f80e78ca465c2476e9062b9d8ebc5925228f16d53e8574f93d0f0','1997-07-03','Male','Lippo Karawaci Utara','081280212059','2020-02-02','tuyul.png','Active'),(2,'Nicholas','nick@gmail.com','9b713737795f80e78ca465c2476e9062b9d8ebc5925228f16d53e8574f93d0f0','1990-03-08','Male','Tangerang','081273463883','2020-02-02','man.png','Active'),(3,'Brian','brian@gmail.com','9b713737795f80e78ca465c2476e9062b9d8ebc5925228f16d53e8574f93d0f0','1987-10-05','Male','LA','0812367213','2020-02-03','default.png','Active'),(4,'Kobe','kobe@gmail.com','9b713737795f80e78ca465c2476e9062b9d8ebc5925228f16d53e8574f93d0f0','1960-05-13','Male','LA','0812364556','2020-02-03','default.png','Active'),(5,'Bron','bron@gmail.com','9b713737795f80e78ca465c2476e9062b9d8ebc5925228f16d53e8574f93d0f0','1997-07-23','Male','Cleveland','081273945564','2020-02-03','default.png','Active'),(6,'Stephen','steph@gmail.com','9b713737795f80e78ca465c2476e9062b9d8ebc5925228f16d53e8574f93d0f0','1993-06-05','Male','GS','0812334555','2020-02-03','default.png','Active'),(7,'Aurora','orora@gmail.com','9b713737795f80e78ca465c2476e9062b9d8ebc5925228f16d53e8574f93d0f0','1993-07-03','Female','Iceland','081237344534','2020-02-03','default.png','Active'),(8,'Elsa','elsa@gmail.com','9b713737795f80e78ca465c2476e9062b9d8ebc5925228f16d53e8574f93d0f0','2001-02-20','Female','Iceland','0812312314','2020-02-03','default.png','Active'),(9,'Patrick','patrick@gmail.com','9b713737795f80e78ca465c2476e9062b9d8ebc5925228f16d53e8574f93d0f0','1995-10-10','Male','Bikini Bottom','081236434535','2020-02-03','default.png','Active'),(10,'Leo','leo@gmail.com','9b713737795f80e78ca465c2476e9062b9d8ebc5925228f16d53e8574f93d0f0','2000-02-20','Female','ZZZ','0812321324','2020-02-03','default.png','Active'),(12,'Angel','angel@gmail.com','9b713737795f80e78ca465c2476e9062b9d8ebc5925228f16d53e8574f93d0f0','1997-11-19','Female','Lippo','081237671524','2020-02-05','default.png','Active'),(13,'Ceres','ceres@gmail.com','9b713737795f80e78ca465c2476e9062b9d8ebc5925228f16d53e8574f93d0f0','1994-12-12','Male','Ceres Land','081273612445','2020-02-20','default.png','Active'),(14,'Bot 1','bot1@gmail.com','9b713737795f80e78ca465c2476e9062b9d8ebc5925228f16d53e8574f93d0f0','1990-10-03','Male','BotLand','0812831243125','2020-03-09','default.png','Active'),(15,'Christopher','christopher.putra.hartono@gmail.com','c22245ac665d54c033b22b4f0e1c5ec04a8141f15f7eac0ad3903f874728b47d','1997-07-03','Male','Lippo Karawaci Utara Jln.Kalimantan 872','081280212059','2020-03-11','tuyul.png','Active'),(16,'Park Jimin','jimin@gmail.com','9b713737795f80e78ca465c2476e9062b9d8ebc5925228f16d53e8574f93d0f0','2000-06-13','Male','Korea','0918293123124','2020-03-22','default.png','Active'),(17,'Farida Lestari Kurniawan','Farida@gmail.com','9b713737795f80e78ca465c2476e9062b9d8ebc5925228f16d53e8574f93d0f0','1997-06-17','Female','Jl Mampang Prapatan XI D-1,Mampang Prapatan','628158267700','2020-03-22','default.png','Active'),(18,'Yandi Susanto Lesmana','yandisl123@gmail.com','9b713737795f80e78ca465c2476e9062b9d8ebc5925228f16d53e8574f93d0f0','2002-06-18','Male','Jl Rambutan Bl GB-1/12,Kalibaru','02188952246','2020-03-23','tuyul.png','Active'),(19,'Ujian','public@gmail.com','c22245ac665d54c033b22b4f0e1c5ec04a8141f15f7eac0ad3903f874728b47d','1997-05-13','Male','asdasdasd','08123123423','2020-03-26','default.png','Active'),(20,'Watson','watsap@gmail.com','c22245ac665d54c033b22b4f0e1c5ec04a8141f15f7eac0ad3903f874728b47d','1998-02-10','Male','Watsapp','08381273123','2020-05-27','man.png','Active');
/*!40000 ALTER TABLE `user` ENABLE KEYS */;
UNLOCK TABLES;
/*!40103 SET TIME_ZONE=@OLD_TIME_ZONE */;

/*!40101 SET SQL_MODE=@OLD_SQL_MODE */;
/*!40014 SET FOREIGN_KEY_CHECKS=@OLD_FOREIGN_KEY_CHECKS */;
/*!40014 SET UNIQUE_CHECKS=@OLD_UNIQUE_CHECKS */;
/*!40101 SET CHARACTER_SET_CLIENT=@OLD_CHARACTER_SET_CLIENT */;
/*!40101 SET CHARACTER_SET_RESULTS=@OLD_CHARACTER_SET_RESULTS */;
/*!40101 SET COLLATION_CONNECTION=@OLD_COLLATION_CONNECTION */;
/*!40111 SET SQL_NOTES=@OLD_SQL_NOTES */;

-- Dump completed on 2020-05-27 18:56:54
